total_score,total_savings,total_fees,num_hits,num_predictions,spend_capture_rate,total_ground_spend
34939.90289033333,41459.90289033333,6520.0,499,652,0.25104808414383395,9908835.520110056
