key_level,pct_spend_lookup_like,n_keys,n_keys_lookup_like,pct_spend_material_drift,n_keys_drift,n_keys_with_drift_metric,total_spend
eclass,0.023264677819698317,6226,666,5.071259454536143,1985,3763,1143570369.08861
buyer_eclass,14.174532744385926,2012674,1057769,3.428993255489953,42408,58793,1143570369.08861
buyer_eclass_mfr,29.613286737074397,3734301,2557305,1.413826062100181,19058,31044,1143570369.08861
