total_score,total_savings,total_fees,num_hits,num_predictions,spend_capture_rate,total_ground_spend
33321.16089033333,41461.16089033333,8140.0,501,814,0.2510557015878663,9908835.520110056
